price;Item number;Item name
500;103076;COMPRESSOR AND FITTINGS
50;00BEC10803;CAPACITOR 5MFD/370VAC
50;00BEC11102;CAPACITOR 25MFD/370VAC
50;00BEC11301;CAPACITOR 35MFD/370VAC
70;00BEC20502;CAPACITOR 40+5MFD/440VAC
200;00BEM10101A-E;FAN MOTOR 1/25HP 230V-50/60HZ
200;00BEM10602A-E;FAN MOTOR 1/8HP 230V-60HZ (F42E36B09XCN)(00BEM20702A-E)
200;00BEM10703-E;FAN MOTOR 1/6HP 230V-60HZ (00BEM10703)
200;00BEM10717;FAN MOTOR 1/6HP AL-SERIES 60HZ (5KCP39EGDD120S) (F48AB33B09)
200;00BEM11013B;FAN MOTOR 1/3HP AL-SERIES (6NIHCT 11019/INDIA)
200;00BEM20912;FAN MOTOR 1/6HP AL-SERIES
700;00BRC10718D;LG R/COMP.20K,60HZ-QJ282KBC/00BRC10718
1000;00BRC10734;BRISTOL COMPRESOR-43LRA-3LEG (H21J17UABCC-18K)
700;00BRC10740;COMPRESSOR 230V-1-60HZ(ROTARY)-18K PH246G2C-3MVS/00BRC41202
1000;00BRC10911;BRISTOL COMPRESSOR-73 LRA-3 LEG (H29B28UABCC)
800;00BRC10913D;LG R/COMP.24K,60HZ QP362KBB/00BRC10913
1000;00BRC10924;BRISTOL COMPRESOR-74LRA-3LEG (H20J303ABCC-24K)
1000;00BRC10926;COMPRESSOR 208/230V-1-60HZ REC (H82J18UABCC R410A)
600;00BRC10938;COMPRESSOR 230V 60HZ ROTARY (GMCC-24K ) PH300G2C-3MVS3
200;00BRR00102;"4 WAY REVERSING VALVE 3/4"""
100;00BRV03001;"SHUT OFF VALVE 1/2"""
50;00CDG00101;REFRIGERANT R-22
100;0131T06901;HEATER ELEMENT 3.0 KW 230V ZOP
200;0132E01402;LOUVER MOTOR 230-240V 7 RPM
50;0133E03201-E;ROTARY SWITCH COOL ECONOMY (0133E03201)
150;0133E03901A;THERMOSTAT (H/C & H/P) (0133E0901A-U)0133E03904
100;0133E04001B;SWITCH CARLING ROCKER (ORANGE)
650;141145221;S/A EVAP COIL W/CONN ASSY 4R
650;0142126221B;"S/A COND 3/8"" 2 ROW  IGT 12FPI"
250;0153P02901A;BLOWER PLST 212mm(met.hub)
250;0153P03201;BLOWER WHEEL 225 MM
280;0155P02701E;FAN SLGR(W/M.HUB)(0155P02701E-PSP)
300;100140011;SPIN TUB
100;10018800004;WASH TIMER
100;10021033;SPIN TIMER
250;10220600001;WASH MOTOR 220V
150;10335014;AXIAL FLOW FAN
150;10352045;CROSS FLOW FAN
150;10352060;CROSS FLOW FAN
150;1051274401;AIR LOUVER
150;1065709;TIMER
200;1092263;EVAPORATOR
100;1093336;THERMOSTAT
350;1.1002E+13;Asynchronous motor
250;110HG70;SYNCHRONIZE MOTOR
150;11101016;SPIN TIMER
100;11101017;WASH DRAIN SWITCH
800;1.1103E+13;FIXED SPEED ROTARY COMPRESSOR
250;111030169;WASH MOTOR
250;11103171;WASH MOTOR
251;11103173;WASH MOTOR(11103175)
252;11103175;WASH MOTOR (11103173)
253;11104169;SPIN MOTOR
254;11104175;SPIN MOTOR
255;11109003;REDUCER
256;11111005;SHOCK SPRINGS
257;1117826;FAN MOTOR (9140200155)(1376954)
258;1119140;TIMER
259;1.1201E+13;Room temperature sensor ass'y
260;1.1201E+13;TEMP SENSOR
261;11302001;DEHYDRATION SEALING RING
262;12088800005;SPIN TIMER
263;1.21001E+13;CROSS FLOW WINDOW MOTOR
264;1.21001E+13;AXIAL FLOW FAN #201100300551
265;1.2122E+13;louver
266;1.2122E+13;Vertical louver
267;1225096;LOUVER MOTOR
268;1225678;FAN CAPACITOR
269;1226017;Wire terminal board
270;1226051;Wire terminal board
271;1.2263E+13;Cold tank assy
272;1232R04101C;REMOTE CONTROL SET (H/P)
273;1260311;Step motor DG13B2-05\12V
274;1261919;COMPRESSOR CAPACITOR
275;1261930;Compressor capacitor
276;12880000012;MOTOR FAN (11106003)
277;1306293;AC ELECTROMAGNETIC CONTACTOR
278;1340459;Propeller fan blade
279;1343638;AC ELECTROMAGNETIC CONTACTOR
280;134503600;V-BELT (134163400)
281;1355795;DRIER FILTER
282;1383891;Temperature sensor
283;13DAJ018;FILTER DRIER NMR(14~25CFT)
284;1408045;4 WAY VALVE
285;1430817;ELECTRIC WIND GATE
286;1448488;FAN MOTOR
287;1459575;COMPRESSOR
288;1468543;REF FAN MOTOR
289;1498342;WIND BLADE PART(1077126)
290;150121075;FAN MOTOR
291;1501213401;FAN MOTOR
292;1501214501;FAN MOTOR
293;1501214601;FAN MOTOR
294;1501403402;FAN MOTOR
295;1502582;Remote Controller(4055825 )
296;1508545;MAIN CONTROL BOARD
297;1511626;CROSS FLOW FAN BLADE
298;1517103;DISPLAY BOARD
299;1517209;COMPRESSOR PART
300;1541364;VERTICAL LEVEL VANE
301;1541373;motor guard
302;1541622;CROSS FLOW FAN BLADE
303;1542949;AC motor
304;1550405;LOUVER MOTOR
305;1572986;LEVEL VANE
306;1576293;MAIN CONTROL BOARD
307;1605204;COMPRESSOR
308;1605971;COMPRESSOR
309;1612819;COMPRESSOR PART
310;1.7122E+13;Main control board assembly
311;1.7122E+13;Indoor Main Control Board Subassembly (Sticker)
312;1.7122E+13;Indoor Main Control Board Subassembly (Sticker)
313;17122000A22912;INDOOR MAIN CONTROL BOARD SUB ASSY
314;17122000A22918;INDOOR MAIN CONTROL BOARD SUB
315;1.747E+13;HV TRANSFORMER
316;1800640;DRIER FILTER
317;1818823;COMPRESSOR
318;1819726;Step motor DG13B2-07(30)\12V
319;1824284;COMPRESSOR
320;1824935;DISPLAY COMPONENT
321;1828619;FOUR WAY VALVE COIL
322;1837278;COMPRESSOR
323;1837643;MOTOR / DC motor
324;1841783;Propeller fan blade
325;1844499;1/2  3-way valve
326;1868747;CENTRIFUGAL FAN BLADE
327;1868928;SYNCHROMOTOR (Louver motor - 50SM16)
328;1879743;Compressor (with rubber grommet sleeve etc) ASH205DG-C7EU4
329;1895197;Fan  motor (Y6S696D507)
330;1961970;COMPRESSOR
331;1977187;lndoor main control board compressor
332;1990730;COMPRESSOR
333;20638747;ELECTRONIC CARD
334;210746877A;INDOOR PANEL ASSEMBLY
335;210901582L;Main PCB
336;2151P01301A;FAN BLADE(PLASTIC)
337;2151P02101;FAN BLADE PLASTIC
338;216731001;THERMO. DEFROST
339;216855300;TIMER DEFROST (216744300)
340;216867800;LAMP 230V (5301243386)
341;216954209;CONTROLLER COMP. (DS)(297259525)
342;216985004;CAP. RUN 5MFD
343;2.1811E+11;DOOR LOCK (XA1QG72D.5-7)
344;218755504;SCREW SHOULDER
345;2.2811E+11;CONTROL PANEL
346;23COE151;COMPRESSOR-EGZS90HLC-230V 50/60Hz (23COE125N2)
347;23THG002;THERMOSTAT (T1001024)
348;240070640;TIMER FUZZY EVOL 9-18K FSW TOP
349;242059302;HANDLE DOOR WHITE W/SET
350;2.516E+11;ROOM TEMP SENSOR
351;2.525E+11;CAPACITOR FOR COMPRESSOR
352;2.61E+11;PCB
353;2.61E+11;MAIN CONTROL BOARD
354;2.611E+11;INDOOR DISPLAY BOARD
355;2.75E+11;STEPPING MOTOR
356;2.814E+11;COMPRESSOR
357;297164400;COVER HINGE
358;297233820;HANDLE DOOR WHITE (297233800)
359;297259525;CONTROLLER COMPRESSOR(216954209)
360;297295900;HEX SCREW
361;297366110;PCB(297241804)(297366104)
362;3.00002E+11;MAIN BOARD
363;3.01015E+12;MOTOR HOLDER ASSY
364;3.01023E+12;SUSPENSION ROD COMPLETE (HWA85SN)
365;3.01023E+12;SUSPENSION ROD COMPLETE (MOTOR SIDE)(HWA85SN)
366;3.01023E+12;SUSPENSION ROD
367;3.01024E+12;BALANCE WEIGHT ASSY
368;3.01024E+12;SPIN TUB ASSY
369;3.01033E+12;DRAIN HOSE ASSY (OUTSIDE)
370;3.01042E+12;BEARING ASSY (HWA85SN)
371;3.01042E+12;BEARING ASSEMBLY (HWA140SNN)
372;3.01086E+12;TEMP SENSOR
373;3.01222E+12;OUTER DRUM (DS)
374;3.01223E+12;SPRING SAMPER BASE (HWA120SN)
375;3.01299E+12;BELT (DS)
376;3.01299E+12;V-BELT(HWA85SN)(3012991701140)
377;30135515;MAIN BOARD
378;30135813;MAIN BOARD
379;30138000799;MAIN BOARD
380;30138542;MAIN BOARD
381;3014264S13140;TORQUE MOTOR (FOR DRAIN)(HWA85SN)
382;3014291S03140;RESPONSE SWITCH
383;3014291S08140;PREASSURE SENSOR
384;3014291S09140;RESPONSE SWITCH (WATER LEVEL SENSOR)(3014291S03240)
385;3014294S28140;VALVE ASSEMBY (WATER VALVE)
386;30145063;MAIN BOARD
387;3014522S19140;MOTOR
388;3014522S36140;MOTOR COMPLETE (HWA140SNN)
389;301B11A001231;SUSPENSION ROD COMPLETE (301B112100003)
390;301B141200075;WASHER LID ASSY
391;301B802300003;TUB SWITCH ASSEMBLY
392;301B80A002228;PUMP (3014535S14140)
393;301G801800002;PUMP
394;301G802600006;DOOR LOCK
395;30510041-K17993;REMOTE CONTROLLER
396;30510521_L23606;REMOTE CONTROLLER
397;326208200;KNOB
398;326208300;KNOB
399;326254200;KNOB
400;33000038;CAPACITOR CBB65
401;3300008104;CAPACITOR CBB65
402;3300008108;CAPACITOR CBB65
403;34017183;REMOTE CONTROL
404;342843303;BURNER ELECTROLUX TRIPLE (BODY)-101
405;357725914;BURNER ELECTROLUX TRIBLE (CROWN)
406;357734710;ELECTRODE L=700MM PLUG  38.5 MM
407;41018989;SOLENOID VALVE
408;41023826;COMMUTATOR MOTOR SOLE-ACC
409;41038124;ANTI JAMMING FILTER RADIO(91200098)
410;41042497;CONTROL PANEL
411;41900804;MOTOR PUMP
412;42006592;PROGRAM ADJUSTMENT KNOT
413;42006599;SPIN SPEED ADJUSTMENT KNOT
414;4.30003E+11;THERMOSTAT(45040017)
415;44004723;ELECTR BOARD PROGRAM(DS)
416;444027000;KNOB SPRING (444013900)
417;45188000025;REDUCER(450027026)
418;452025200;SAFETY GAS VALVE
419;48012683;MOTOR ASSEMBLY
420;48012715;MOTOR ASSEMBLY
421;49026599;VENTILATOR MOTOR
422;49027984;MIDDLE SMOKE EXHAUST
423;49030389;DOOR SAFETY DEVICE(41041367,41041367)(41016879)
424;49030406;ELECTRONIC BOARD PROGRAM (41037176)
425;49038532;PROGRAMMED 3PH GEN 2 CONTROL BOARD
426;49040741;PROGRAMMED 3 PH GEN 2 CONTROL
427;5303917634;DEFROST TIMER (20009077)
428;5303917954;THERMOSTAT(5316269001)
429;5304487806;COMPRESSOR KIT /ELECTRICAL (297002800)(216640200)216870400
430;5304492453;CONTROL KIT (216715500)(216715502)(216715501)
431;5304496560;COLD CONTROL KIT(216230400)
432;60188000008;PULSATOR
433;60188000023;REDUCER
434;70188000011;SPIN SEAL ASSY(60578000011)
435;70220600002;SPIN MOTOR
436;70608000010;REDUCER ASSY(80188000010)
437;70608000011;SPIN SEAL ASSY(80188000011)
438;769148100;DOOR GLASS ASSY
439;80188000006;SELECTOR SWITCH(70608000006)
440;80188000010;REDUCER ASSY(70608000010)
441;80220600002;SPIN MOTOR 220v
442;809207015;ASSY OVEN DOOR GLASS(90) GIBSON BLACK (FOR SS &WHITE
443;850175628;R MAIN PCB ASSY (850178034)
444;850215743;R-REMOTE CONTROL
445;90120000014;BRAKE WHEEL ASSY
446;90120000022;BRAKE WIRE
447;90120000027;KNOB
448;90220600002;SPIN MOTOR 220V
449;90990000004;WASH TIMER
450;90990000014;BRAKE WHEEL ASSY
451;92131762;MOTOR SCHOCH ABSORBER
452;A0000Z17VJD00;V-BELT(A0645Z17VJD00)
453;A000SL15JSQ00;RETARDER (REDUCER)NH0000L16ZXZ00(A0000L15JSQ02)A0000L16ZXZ00
454;A0045D10TDJ40;SPIN MOTOR(A045ED10TDJET)NH060GD10TDJET(A045GD10TDJEL)
455;A0120D03XDJ02;WASHING MOTOR (NH0145D03XDJET)
456;A0140L18PDL0J;MID PULLEY(NH0225L18PDL0Z)A0168L18PDL0J
457;A04726303;THERMOCOUPLE FOR TC (MIDDLE) L=500 MM HEAD 38 MM-GREEN
458;A1609Y08FSZ00;WATERPROOF MANTLE OF SPIN TIMER
459;A1609Y08PFS00;WATERPROOF MANTLE OF SPIN TIMER
460;A2015Y06XZKB2;WASH SELECTOR(A2015Y06XZKB0)
461;A2315Y07TDS06;SPRIN TIMER(A2315Y07TDS0J)
462;A2353Y05XDS00;WASH TIMER(A2503Y05XDS10)
463;AJ-S70KXP-014;CLUTCH ASSY
464;BD-W80MV-091;WATER VALVE MGV-301-204
465;BD-W80MV-212;DOOR ASSY (BD) BK(BD-W80MV-208)
466;CO01020103210;SAFETY GAS VALVE 27
467;CO01020103211;SAFETY GAS VALVE 34
468;CO01020103212;SAFETY GAS VALVE 44
469;CO01640106022;BURNER 60
470;CO01640109110;SABAF BASE BURNER 95
471;CV-3160-909;MOTOR ASSY
472;CV-7180-906;SWITCH PEDAL
473;CV-950G-904;MOTOR ASSY-127V(DS)
474;CV-970BL-906;R&F TOOL ASSY
475;CV-970BR-906;TELESCOPIC EXT. PIPE
476;CV-980BRJ-902;MOTOR ASSY 240V
477;CV-S960-908;RUG & FLOOR TOOL
478;CV-SH20V-938;HOSE ASSY (CV-2500-979)
479;CV-SH20V-940;HOSE ASSY 1.5M
480;CV-SK21V-911;HOSE COUPLING ASSY
481;E.01.59SPB843;MAINBOARD FOR 43''TV
482;EGAS80HLR-220V;EMBRACO R134A-1/4+ HP-220V/50-60HZ
483;EM55NR-220V;EMBRACO COMPRESSOR 1/6HP-220V
484;H20-15-120-008;PLASTIC KNOB FRAME 90X60 BLACK HIDE
485;H25-55-100-004;SPRING KNOB Z
486;H40-10-120-005;GAS VALVE 0.70MM W/THERMOCOUPLE UP WAY
487;H40-10-120-013;GAS VALVE OVEN (TOP OUTPUT) 30
488;H40-10-120-014;GAS VALVE OVEN (TOP OUTPUT)35
489;H40-10-120-015;GAS VALVE FOR OVEN (TOP OUTPUT) 45
490;H40-10-120-019;GAS VALVE FOR OVEN (TOP OUTPUT) 60
491;HSRV-TOOL-SWRB;SOCKET WRENCH BIG GERMANY
492;HSRV-TOOL-TCU-B;TUBE CUTTER BIG
493;M00224769;KNOB SPRING
494;M0022476901;SPRING (M00224731)
495;M00382000;HINGE CONNECTOR (M00039805601)(M00380023)(452022900)
496;M00387292;KNOB RING
497;M00388038;RING
498;M00389920;TRIPLE RING
499;M00389921;MICRO TRIPLE CAP
500;M00395890;HANDLE
501;M00396422;KNOBS
502;M00396440;KNOB
503;M00396513;OVEN KNOB
504;M00396514;OVEN KNOB
505;M00396541;KNOBS
506;M00396542;KNOBS
507;M00396543;KNOBS
508;M00396589;KNOB
509;M00398591;THERMOSTAT
510;M00398853;TAP SX NOFAST D16 BP70 GRIL96N
511;M00399003;TAP
512;M00399004;TAP
513;M00399005;TAP
514;M00399006;TAP
515;M00460612;BURNER
516;M00460616;BURNER (M00460613)(M00460616)
517;M00460617;BURNER (M00460614)(M00460626)
518;NH1101L00000000;WASH & SPIN TUB ASSY(S1101L09LTT00)
519;PTPS-100AS-912;PULSATOR (PS99) PTPS-1100KJP-004
520;PTPS-100LJ-003;SPIN BASKET ASSY
521;PTPS-100LJ-009;V BELT LHM2-36.5(PTPS-100AS-915)
522;PTPS-105DSJP-938;WASH MOTOR ASSY 120W
523;PTPS-1100GSJ-011;SPIN MOTOR 70W (110V/220V)
524;PTPS-1100KJ-002;SPIN BASKET
525;PTPS-110FS-008;GEAR CASE ASSY (PTPS-100AS-913)
526;PTPS-1200KJ-003;COUPLING ASSY (PTPS-99BS-904)
527;PTPS-1300MJ-003;WASH MOTOR ASSY 150W (127/220V)(PTPS-1400MJ-001)
528;PTPS-1400MJ-023;BELLOW (80)
529;PTPS-140MJ-011;BRAKE ASSY F18
530;PTPS-140MJ-016;PULSATOR ASSY F18
531;PTPS-140MJ-019;P. PULLEY
532;PTPS-140MJ-029;PCB ASSY F18
533;PTPS-140MJ-037;LID LOCK SWITCH F18
534;PTPS-140MJ-043;DRAIN PIPE F18 ASSY
535;PTPS-140MJ-062;M PULLEY ASSY (PTPS-140MJ-078)
536;PTPS-140MJ-078;MOTOR PULLEY ASSY F18 (PTPS-140MJ-062)
537;PTPS-140MJ-084;SPIN BASKET ASSY F18 (PTPS-140MJ-039)
538;PTPS-140MJ-088;GEAR CAP COVER
539;PTPS-140MJ-089;DRAIN VALVE SHAFT
540;PTPS-140WJ-002;GEAR CASE (PTPS-140MJ-017)
541;PTPS-1605SJ-001;COUPLING F18SJ ASSY(PTPS-140MJ-009)
542;PTPS-1605SJ-005;SPIN BASKET ASSY F18
543;PTPS-160SJ-008;TWIN TUB (F18)ASSY
544;PTPS-160SJ-010;CAPACITOR ASSY F18SJ (18+6)
545;PTPS-40A-918;P PULLEY(Screw#-KW-62L-028)(PTPS-40A-929)(PTPS-61A-915)
546;PTPS-50A-906;COUPLING ASSY(MEDIUM)(DS)
547;PTPS-50A-919;DAMPING SPRING ASS'Y
548;PTPS-50A-933;VALVE ACTION PIPE
549;PTPS-51A-905;CHANGE STRAP 51A
550;PTPS-52A-031;WASH TIMER (T-667SST)
551;PTPS-60A-902;M PULLEY ASS'Y
552;PTPS-60A-950;WASH MOTOR
553;PTPS-60DSJ-013;M PULLEY (PTPS-40A-914)
554;PTPS-61A-905;SPIN TIMER-PTPS50A925-PS92&94(PTPS-970GJ-016)(PTPS-110JS-003
555;PTPS-61A-911;P-SHAFT (PTPS-40A-929)(PTPS-61A-915)
556;PTPS-61A-913;SCREW FOR P-PULLEY
557;PTPS-61A-919;BRAKE ASS'Y (PS98)(KWT-950-LX-612)
558;PTPS-61A-937;BELLOWS ASS'Y (PTPS-105DSJ-936)
559;PTPS-70A-903;DAMPING SPRING
560;PTPS-70A-926;GEAR CASE-W/O-P (PTPS-70A-933)
561;PTPS-70A-927;BREAK ASSY
562;PTPS-70A-932;WASH TIMER T656(PTPS-70A-999)
563;PTPS-70A-933;GEAR CASE-WITH PULLEY (PTPS-70A-926)
564;PTPS-80GSJ-003;WASH MOTOR ASSY 150W (127/220V)
565;PTPS-90DS-906;SPIN MOTOR ASSY 60W (220-240)
566;PTPS-90DS-908;COUPLING ASSY (BIG)(PTPS-1200KJ 003)
567;PTPS-90DS-909;DAMPING SPRING ASSY
568;PTPS-94-910;SPIN MOTOR 55W (PTPS-970GJ-013)
569;PTPS-94P-904;V BELT TYPE M34.5(PS-825L-019)
570;PTPS-970GJ-016;SPIN TIMER(PTPS-105DSJ-923)(PTPS-61A-905)
571;PTPS-970GJP-004;P PULLEY(PTPS-94B3-002)
572;PTPS-970GJP-005;V BELT TYPE (PTPS-41A-911)
573;PTPS-970GJP-010;BELT (PTPS-60A-923)
574;PTPS-975GJ-001;SPIN MOTOR 55W (2206)
575;PTPS-97A-909;M PULLEY (DS)
576;PTPS-97DJ-005;WASHER LID
577;PTPS-980GJ-011;SPIN MOTOR 60W(127V/220V)
578;PTPS-980KJ-001;DAMPING SPRING
579;PTPS-980KJ-002;COUPLING ASS'Y F15B
580;PTPS-985KJ-014;P PULLE SCREW
581;PTPS-990GSJP-004;P PULLEY(PTPS-81AS-909)(PTPS-100AS-914)
582;PTPS-990KJ-004;SPIN BASKET
583;PTPS-990KJ-006;COUPLING ASSY
584;PTPS-990KJP-008;DRAIN FILTER V10 (PTPS-128P-922)
585;PTPS-995KJ-001;SPIN MOTOR
586;PTPS-99AS-901;WASH MOTR 120W(PS-125-908)PS99
587;PTPS-99AS-904;BELT (PTPS-100AS-915)
588;PTPS-T800BJ-003;SPIN MOTOR ASSY XTD-60W(AL) (220-240V)
589;PTPS-T800BJ-004;DAMPING SPRING ASSY F10
590;PTR-400WP-027;CHILLER DOOR
591;PTR-M800GP2-049;FAN MOTOR SV
592;PTR-M800GP2-073;R FAN MOTOR SV
593;PTR-M800GP2-095;MAIN PCB
594;PTR-M800GP2-099;FAN MOTOR FIXER ASSY
595;PTR-M800GP2-100;DC FAN MOTOR
596;PTR-S800ES8V-001;COMPRESSOR
597;PTR-SF37WVPH-053;OVERLOAD RELAY
598;PTR-V540PGV-007;GASKET-450-R
599;PTR-V540PGV-022;FAN MOTOR SV
600;PTR-V540PGV-023;EVAPORATOR
601;PTR-V610PG3-100;DAMPER + HEATER + ACCESORIES
602;PTR-V690P3M-004;TOUCH SCREEN PANEL PCM
603;PTR-V720PG1-007;HANDLE F ASSY
604;PTR-V720PG1-008;HANDLE UP
605;PTR-V720PG1-020;RACK R2
606;PTR-V720PG1-035;FS SENSOR SV
607;PTR-V720PG1-036;DAMPER
608;PTR-V720PG1-043;LED LAMP R
609;PTR-V720PG1-053;PCB MAIN
610;PTR-V720PG1-063;COMPRESSOR (PTR-WB490P2-101)
611;PTR-V805PS1-003;PCB MAIN
612;PTR-V805PS1-005;PCB-MAIN
613;PTR-VG460P3-014;R MOTOR DC SV
614;PTR-VG460P3-027;PCB MAIN 365L 13
615;PTR-VG490P3-012;R MOTOR DC SV
616;PTR-VG490P3-019;EVAPORATOR
617;PTR-VG490P3-024;DAMPER SV
618;PTR-VG490P3-032;PCB MAIN 300L 13
619;PTR-VG490P3-034;COMPRESSOR (PTR-VG490P3-113)
620;PTR-VG490P3-113;COMPRESSOR (PTR-VG490P3-034)
621;PTR-VG540PG-012;DAMPER
622;PTR-VG560P3-008;EVAPORATOR
623;PTR-VG710P3-024;CRISPER COVER
624;PTR-VG710P3-033;EVAPORATOR
625;PTR-VG710P3-034;R HEATER
626;PTR-VG710P3-042;R SENSOR
627;PTR-VG710P3-064;THERMAL FUSE
628;PTR-W550PZ-015;PCB-MAIN
629;PTR-W550PZX-032;PCB MAIN
630;PTR-W660ERU-007;DAMPER
631;PTR-W660ES9V-004;EVAPORATOR
632;PTR-W720EM-005;PCB -MAIN
633;PTR-W720FMX-030;PCB CONTROL
634;PTR-W720FMX-064;R-MOTOR
635;PTR-W720FMX-068;R-HEATER
636;PTR-W720FMX-083;PCB MAIN
637;PTR-Z380RX-024;FUSE (PTR-578AM-038)
638;PTR-Z400V-015;DOOR POCKET R3 395
639;PTR-Z542PU3-102;DAMPER-HEATER-450 (PTR-W610PL4-016)(PTR-VG710P3-105)
640;PTR-Z550ES9-007;COMPRESSOR (DS)
641;PTR-Z580AM-004;DOOR POCKET-R3
642;PTR-Z610EMX-017;FAN MOTOR
643;PTR-Z610EMX-030;PCB
644;PTR-Z610EMX-102;DAMPER (PTR-610EMX-024)(PTR-Z610EMX 201)
645;PTSF-1000X-920;CLUTCH ASS'Y
646;PTSF-100HJX-034;PCB COVER
647;PTSF-100JJ-002;PULSATOR ASSY
648;PTSF-100JJS-005;CONTROLLER (A110) ASSY(PTSF-160JJ-006)
649;PTSF-100XA-003;CLUTCH ASSY (590A-XA)SV
650;PTSF-100XA-019;V BELT M24 (590A-XA)
651;PTSF-110FSJ-001;OVERFLOW FILTER ASSY (PTPS-110FS-001)
652;PTSF-110LJ-009;REVOLUTION SENSOR ASSY
653;PTSF-110LJ-011;LID OPEN / CLOSE SENSOR
654;PTSF-110LJS-007;CLUTCH LEVEL ASSY
655;PTSF-110LJS-009;WIRE HARNESS 640LJ
656;PTSF-110LJS-027;LID LOCK SWITCH
657;PTSF-120HJ-008;CLUTCH ASSY
658;PTSF-120HJ-023;P PULLEY ASSY
659;PTSF-120JJS-036;CONNECTOR ASSY
660;PTSF-130LJ-010;MGV 34-204 (VALVE)
661;PTSF-130XTV-005;CLUTCH ASSY (640T)
662;PTSF-130XTV-016;TOP COVER (640T) PAINT SL
663;PTSF-140XTV-003;TOP COVER (640T) PAINT CH
664;PTSF-140XTV-038;LID ASSY (640T) EA (CH)(PTSF-140XTV-029)
665;PTSF-150GJX-027;LID LOCK SWITCH ASS'Y
666;PTSF-160HJ-009;SLIDE COLLAR
667;PTSF-160JJ-006;CONTROLLER (A110) ASSY(PTSF-100JJS-005)
668;PTSF-200XWV-033;LID ASSY (724) EA (CH)
669;PTSF-200XWV-034;LID ASSY (724) EA (LCH)
670;PTSF-240XWV-043;MICRO SWITCH ASSY
671;PTSF-240XWV-047;LATCH ASSY
672;PTSF-80HJ-022;LID LOCK SW COVER ASSY
673;PTSF-80HJ-033;SLIDER COLLAR
674;PTSF-80JJ-016;MGV-(S)-2 (220-240V, 50 HZ)
675;PTSF-80JJS-007;CONTROLLER (A110) ASSY (DS)
676;PTSF-80KJ-017;REVOLUTION SENSOR ASSY (PTSF-160GJ-025)
677;PTSF-80P-032;WATER LEVEL SENSOR SP-900
678;PTSF-80P-039;VALVE MOTOR GEAR ASSY
679;PTSF-80P-051;SNUBBER ASSY (590-8V)
680;PTSF-80P-055;LID OPEN/CLOSE SENSOR
681;PTSF-80PJ-007;PULSATOR ASSY 590-8(J)
682;PTSF-90P-004;BASKET ASSY (590-9V)
683;PTSF-95FJ-018;CONNECTOR ASSY
684;PTSF-H120XA-003;CONTROLLER (A262GB) ASSY SF-H120XA EX
685;PTSF-H800PX-918;DRAIN PUMP ASSY
686;PTSF-P100XAV-012;CONTROLLER (A259D) ASSY
687;PTSF-P105JJ-004;CONTROLLER
688;PTSF-P110FJ-004;CLUTCH ASSY
689;PTSF-P110FJ-998;WATER SUPPLY HOSE-HOT
690;PTSF-P120CJ-918;PUMP ASSY 220/60HZ
691;PTSF-P120JJ-022;CLUTCH MOTOR ASSY (PTSF-P95JJ-005)
692;PTSF-P120JJ-023;MGV-34-204C (PTSF-T950X-062)
693;PTSF-P120LJ-008;CONTROL HARNESS
694;PTSF-P120LJ-012;CONTROLLER A169 ASSY
695;PTSF-P120LJ-013;POWER HARNESS 640
696;PTSF-P120LJ-020;CONTROLLER (A169B) ASSY
697;PTSF-P120XAV-002;TOP COVER ASSY (590A) P
698;PTSF-P130LJ-002;CONTROLLER
699;PTSF-P130LJ-004;CONNECTOR ASSY
700;PTSF-P150HJ-007;PULSATOR ASS'Y (DS)
701;PTSF-P150HJ-008;WIRE HARNESS
702;PTSF-P150HJ-011;CONTROL HARNESS
703;PTSF-P150HJ-012;(MCV-30V-C)(220V) WATER VALVE
704;PTSF-P150HJ-022;CLUTCH ASS'Y
705;PTSF-P150JJ-003;LID ASSY
706;PTSF-P150JJ-007;CONTROLLER (A109Q) P150JJ
707;PTSF-P150JJ-022;CONNECTOR ASSY 670
708;PTSF-P150XWV-005;CONTROLLER (A216C) SF-P150XV
709;PTSF-P160JJS-004;CONTROLLER (A109Q)P160JJS
710;PTSF-P160XTV-004;CONTROLLER (A216C) SF-P160XTV EX
711;PTSF-P160XWV-003;FRONT PANEL P160XWV EA WH
712;PTSF-P160XWV-004;CONTROLLER (A216C) SF-P160XV
713;PTSF-P180XWV-010;CONTROLLER ASSY (724) P
714;PTSF-P180XWV-023;PUMP RUNNER
715;PTSF-P200XWV-005;FRONT PANEL P200XWV ES CH
716;PTSF-P200XWV-006;FRONT PANEL P200XWV EA WH
717;PTSF-P200XWV-009;CONTROLLER (A239D) SF-P200XWV(PTSF-P200XWV-014)
718;PTSF-P80P-006;LID ASSY (590)P (WH)
719;PTSF-P80P-010;CONTROLLER (A110) ASSY
720;PTSF-P90P-008;CONTROL HARNESS (590-9V)
721;PTSF-P95FJ-007;TOP COVER
722;PTSF-P95FJ-010;CONTROLLER
723;PTSF-P95JJ-004;CONTROL HARNESS
724;PTSF-P95JJ-007;BACK PANEL (590P) J WH
725;PTSF-P95JJ-017;CONTROLLER(PTSF-P150HJ-016)
726;PTSF-T950X-021;CLUTCH ASSY
727;PTWRF-9010H-001;HANDLE UP
728;PTWRF-9010H-002;HANDLE LO
729;R-600A-CRAFFT;FREON 600A-6.5KGS NET/CYL
730;S0901Z06TST01;SPIN TUB ASSY(S8901Z06TST01)
731;S2001L030BL00;PULSATOR
732;S6002M010GB0T;SPIN COVER(S6002M01TGB00 , A0016Z34LDG00)
733;T3501003;FREON R134a
734;W13;COMPRESSOR
735;W28;PREASSURE THERMOSTAT
736;W45;AUTO THERMOSTAT
737;W46;HAND RESET THERMOSTAT
738;WW01L01430;TOP BEARING (23D1674P001)
739;WW02A00008;IDLER ARM ASM (189D7031G001)
740;WW02F00069;TIMER
741;WW02F00070;TIMER (212D1233P021)
742;WW02F00248;TRAP DUCT ASSY (189D7054G002)
743;WW02L00081;ROTARY SWITCH (212D12094P001)
744;WW02L00083;ROTARY START SWITCH (212D1094P004)
745;WW02L00086;ROTARY SWITCH (212D1097P002)
746;WW02L00137;KNOB BUSHING (323B2623P001)
747;WW03L00093;KNOB ROTARY ASM(GRAY) (323B2342G007)
748;XA1QG720.9 5;DOOR LOCK
